id,name,gender,salary,country
1,Gretchen Myhan,Female,6839,United States
2,Milissent Tittershill,Female,8886,United States
3,Odetta Dash,Female,7398,United States
4,Ellswerth Block,Male,4850,Canada
5,Ricoriki Munnings,Male,9859,United States
6,Tabby Canas,Male,9407,Canada
7,Dexter Scud,Male,3041,United States
8,Wynn Bedward,Male,2776,Canada
9,Magdalen Ridde,Female,7306,Canada
10,Jimmy Elegood,Male,3040,United States
11,Leon Cathcart,Male,2848,United States
12,Harwell Bertwistle,Male,6665,United States
13,Hewitt De Bruyn,Male,7700,United States
14,Ninette Kindred,Female,4951,Canada
15,Elana Aronov,Female,9988,United States
16,Francis Howard - Gater,Male,8890,United States
17,Hastings Starton,Male,8786,United States
18,Nicoline Hundall,Female,8898,United States
19,Baily Spadoni,Male,5298,United States
20,Hestia Waterhowse,Female,8894,United States
21,Betteann Readmire,Female,2420,Canada
22,Marta Ringe,Female,6450,United States
23,Thaxter Kender,Male,7746,Canada
24,Georgi Yanshonok,Male,7058,United States
25,Murray Yannoni,Male,3554,United States
26,Tamiko Gittis,Female,3721,United States
27,Pet Mallya,Female,3109,Canada
28,Brockie Sherewood,Male,2132,Canada
29,Fallon Abade,Female,3254,United States
30,Shayna Juszczak,Female,2903,United States
31,Allister Kamen,Male,8226,United States
32,Smitty Pelham,Male,6442,United States
33,Bastian Preto,Male,8337,United States
34,Oralie Ingliby,Female,3813,United States
35,Britteny Staniforth,Female,2281,United States
36,Chic Bellam,Male,8903,Canada
37,Isak Chesman,Male,2040,Canada
38,Lamont Rallin,Male,7279,United States
39,Sheela Whenham,Female,5268,United States
40,Lisetta Sifleet,Female,5176,Canada
41,Ange Lampart,Female,3769,United States
42,Frieda Grinyov,Female,5426,Canada
43,Hynda Baggelley,Female,8311,Canada
44,Robinette Nealy,Female,4266,Canada
45,Zackariah Spragg,Male,2459,United States
46,Urbanus Sleith,Male,5996,Canada
47,Julietta Arrow,Female,3768,United States
48,Bathsheba Shane,Female,9542,Canada
49,Dale Wortt,Male,5325,United States
50,Art Dingivan,Male,6885,Canada
51,Gayle Cogin,Male,6577,United States
52,Tanney Vevers,Male,6888,United States
53,Kiersten Nickerson,Female,4633,United States
54,Baxter Roisen,Male,8957,United States
55,Merna Brunotti,Female,5504,United States
56,Hertha MacIlory,Female,3506,United States
57,Tory Goves,Female,7911,United States
58,Torin Stolz,Male,2541,United States
59,Jaymie Donnel,Male,2485,United States
60,Kiley Suscens,Male,7414,United States
61,Marlena Seater,Female,8950,Canada
62,Laurella Bealton,Female,3885,United States
63,Bert Agass,Female,4948,United States
64,Titus Castledine,Male,3892,United States
65,Brion Vaneschi,Male,2154,United States
66,Constantine MacTavish,Male,7056,United States
67,Felita Stuckow,Female,2252,United States
68,Kaleb Bawden,Male,6396,Canada
69,Hollie Montier,Female,4635,United States
70,Myrna Ruddell,Female,5727,United States
71,Dale Boodell,Male,4826,Canada
72,Bastian Hurst,Male,7754,United States
73,Kermy Furst,Male,3682,Canada
74,Tarra Izatson,Female,7944,United States
75,Eden O'Cullinane,Female,6385,United States
76,Charlean Maghull,Female,7571,United States
77,Mahalia Banton,Female,7407,United States
78,Ruby Jindrich,Female,6557,United States
79,Ag Galero,Female,3302,United States
80,Carmelle Prestner,Female,3743,Canada
81,Bradley Welfare,Male,8811,United States
82,Erica Curnok,Female,5140,Canada
83,Mela Balharry,Female,3746,United States
84,Myrvyn Bristowe,Male,2581,United States
85,Joshuah Blanchet,Male,9608,United States
86,Cristy Sisland,Female,7060,Canada
87,Celeste McTear,Female,4805,Canada
88,Brianne Padberry,Female,3737,United States
89,Lynelle Gladstone,Female,3583,United States
90,Cesya Axel,Female,5395,United States
91,Cristine Leggat,Female,3417,United States
92,Gabriela Georgius,Female,5668,United States
93,Gearard Aaronsohn,Male,5286,United States
94,Spike Chapple,Male,8138,United States
95,Donni Cullity,Female,7886,United States
96,Marco Martinetto,Male,4082,United States
97,Tommy Bierman,Female,7084,United States
98,Gottfried Dillistone,Male,2910,Canada
99,Arleta Elsey,Female,6606,Canada
100,Ulrikaumeko Parkhouse,Female,2999,Canada
101,Josephina Suter,Female,6671,United States
102,Selle Grandham,Female,6951,United States
103,Darb Domenc,Male,3575,United States
104,Malachi Youd,Male,9739,United States
105,Calypso Tolefree,Female,5159,Canada
106,Cari Cockney,Female,6976,Canada
107,Terry Mayor,Male,8925,Canada
108,Phyllida House,Female,7546,United States
109,Daffi Basden,Female,5649,United States
110,Cecil Wilshin,Female,8436,United States
111,Rosalie Balassi,Female,3651,Canada
112,Inigo Gonning,Male,2049,United States
113,Teodorico Corringham,Male,9395,Canada
114,Graeme Finnes,Male,3946,United States
115,Vaughn Lippi,Male,3403,United States
116,Sullivan Sprionghall,Male,7929,United States
117,Nert Wyard,Female,6467,Canada
118,Vernor Baldassi,Male,3312,United States
119,Brant Tiddeman,Male,5160,Canada
120,Carita Wildey,Female,7032,United States
121,Jory Redihalgh,Male,4671,United States
122,Isa Cochrane,Male,6837,United States
123,Guillaume Hawke,Male,7913,Canada
124,Nani Pounds,Female,3964,Canada
125,Gypsy Cockarill,Female,9288,Canada
126,Murry Baulcombe,Male,7032,United States
127,Jorrie Pollastrone,Female,3309,United States
128,Emmit Wildber,Male,2498,United States
129,Kaleena Leyburn,Female,6517,United States
130,Berkly Corrigan,Male,9328,United States
131,Gerick Poxton,Male,9739,United States
132,Rudolf Crittal,Male,9046,United States
133,Clay Isham,Male,4068,United States
134,Vladamir Rawne,Male,8044,United States
135,Hercule Jowsey,Male,2129,United States
136,Jessi Favell,Female,5692,United States
137,Chere Pulley,Female,6619,United States
138,Priscella Lakeland,Female,9062,United States
139,Lora Fraczek,Female,3064,Canada
140,Modesta D'eye,Female,3310,Canada
141,Florian Sarten,Male,6105,Canada
142,Sig Grisard,Male,7580,United States
143,Cynthie Kellock,Female,8220,Canada
144,Gertrud Spurgin,Female,2048,United States
145,Gerti Nussen,Female,2524,Canada
146,Kale Macklin,Male,7910,Canada
147,Isabelita Bradfield,Female,3429,United States
148,Sheelah Strute,Female,5236,United States
149,Nelson Callway,Male,7496,Canada
150,Katy Ruusa,Female,2795,United States
151,Annis Stefanovic,Female,5913,United States
152,Liam Leydon,Male,6715,United States
153,Rollins Barczynski,Male,4986,United States
154,Glynda Harewood,Female,6704,United States
155,Rod Santhouse,Male,5588,United States
156,Xena Gascoine,Female,2021,Canada
157,Harriott O' Brian,Female,2325,United States
158,Vincent Jovic,Male,5516,United States
159,Jelene Climo,Female,9930,United States
160,Cindy Waterman,Female,6492,United States
161,Tull Mattielli,Male,2325,Canada
162,Talbert Bonus,Male,4873,Canada
163,Alanah Anyene,Female,4163,United States
164,Vick Gaish,Male,2819,United States
165,Jonas Hullyer,Male,3085,United States
166,Lacy Lattimore,Female,8320,United States
167,Antonella Aspinal,Female,6337,Canada
168,Lowrance Gloster,Male,4531,Canada
169,Osmund Jaycock,Male,9669,United States
170,Devlin Dalton,Male,7563,Canada
171,Terese Deluca,Female,3741,Canada
172,Arni Blackwood,Male,2604,United States
173,Trent Spellacy,Male,6543,United States
174,My Beattie,Male,8946,Canada
175,Gardy Godfery,Male,2449,United States
176,Ruperto Bolton,Male,3242,United States
177,Brodie Lugton,Male,6528,United States
178,Rutledge Tagg,Male,9415,United States
179,Henryetta Swate,Female,8862,United States
180,Brennan Beevis,Male,2257,Canada
181,Humphrey Pinwell,Male,7683,United States
182,Francesca Almey,Female,9497,Canada
183,Eloisa Plumer,Female,9381,Canada
184,Barbra Rait,Female,9674,Canada
185,Lew Rutland,Male,3520,United States
186,Dacia Worswick,Female,2985,United States
187,Arty Flipsen,Male,3630,United States
188,Natividad Giacopelo,Female,5827,Canada
189,Ted Midner,Female,8141,United States
190,Ransom Dullaghan,Male,8062,Canada
191,Cedric Camous,Male,4395,United States
192,Ricard Wink,Male,8368,Canada
193,Cilka Abbys,Female,2312,Canada
194,Arthur Cairns,Male,9437,United States
195,Lewes Bosket,Male,7215,Canada
196,Robb Flowith,Male,2608,United States
197,Lucita Nears,Female,4668,United States
198,Cyrus Besemer,Male,4987,United States
199,Bord Treske,Male,6040,United States
200,Sonny Kirby,Male,6961,United States
201,Robby Schimek,Male,8051,United States
202,Rosy Empringham,Female,9097,Canada
203,Heddie McPhail,Female,2689,United States
204,Bertina Treadwell,Female,2230,United States
205,Linnie Spataro,Female,6138,United States
206,Inigo MacDiarmond,Male,7011,United States
207,Sheila Pucknell,Female,6495,United States
208,Ricky Paulazzi,Female,5262,United States
209,Kenn Ghioni,Male,8504,United States
210,Elaina Fazan,Female,2328,United States
211,Worthington Belcham,Male,3881,United States
212,Deirdre Jorge,Female,4499,United States
213,Cristiano Brayne,Male,8125,Canada
214,Bunnie Nock,Female,4030,United States
215,Guido Cuerda,Male,9797,United States
216,Timothee Falkus,Male,5031,United States
217,Elka Hardeman,Female,4838,United States
218,Carr Lankham,Male,7364,Canada
219,Levin Joyson,Male,2813,United States
220,Phyllys Wallice,Female,7675,United States
221,Janelle Kellar,Female,4856,Canada
222,Cilka Huddle,Female,2019,United States
223,Thornie Fitt,Male,2701,Canada
224,Justis Farmer,Male,5873,Canada
225,Bertrand Burril,Male,5605,United States
226,Shoshanna Phillipson,Female,2577,United States
227,Kirk Leaman,Male,6326,United States
228,Giulio Serrels,Male,3411,Canada
229,Gayle Fyndon,Male,7524,Canada
230,Clari Buyers,Female,7166,Canada
231,Lorenza Di Angelo,Female,5855,Canada
232,Erv Spaldin,Male,9387,Canada
233,Noah Andryushchenko,Male,5154,United States
234,Dyan Lancley,Female,7522,United States
235,Peadar Friskey,Male,7127,United States
236,Jess Swain,Male,9072,Canada
237,Tamar Chennells,Female,7418,Canada
238,Kincaid Grayshan,Male,4071,United States
239,Amabelle Boscher,Female,9226,United States
240,Aile Scrine,Female,2862,Canada
241,Larisa Cawood,Female,4928,Canada
242,Rinaldo Norsister,Male,9322,United States
243,Caritta Burgne,Female,8440,United States
244,Mendy Kopfen,Male,9776,Canada
245,Trace Hardacre,Male,3506,Canada
246,Arch Houchin,Male,3353,United States
247,Clayton Bleeze,Male,7136,Canada
248,Riobard Stoneham,Male,3204,United States
249,Renaud Satterlee,Male,2867,United States
250,Jonie Pressman,Female,7547,Canada
251,Rosie Whitford,Female,7278,Canada
252,Joshia Gibbon,Male,9000,Canada
253,Elianora Pinor,Female,5326,Canada
254,Bernie Hofler,Male,8932,United States
255,Aurora Panting,Female,8566,United States
256,Brittne Cunradi,Female,4190,Canada
257,Meggi Gorhardt,Female,2053,Canada
258,Elaine Rulf,Female,5441,Canada
259,Case Geldard,Male,5118,Canada
260,Farica Lamshead,Female,8520,United States
261,Wyn Runsey,Male,5312,United States
262,Malchy Abate,Male,3185,Canada
263,Mark Urry,Male,7294,United States
264,Sioux Spellworth,Female,2935,United States
265,Garv Edyson,Male,6208,United States
266,Peirce Fattori,Male,9580,United States
267,Leonelle Poad,Female,5955,United States
268,Dotty Letixier,Female,4639,United States
269,Noemi Chalice,Female,6830,United States
270,Marabel Warlowe,Female,9424,United States
271,Melli Caldeiro,Female,8214,India
272,Alic Ife,Male,3967,United States
273,Daisie McNamara,Female,6878,Canada
274,Thaxter Hanny,Male,2790,United States
275,Benny Ruske,Male,2019,Canada
276,Dori Furmenger,Female,8724,United States
277,Agna MacAnellye,Female,7713,United States
278,Kakalina Bartrap,Female,5251,Canada
279,Jonah Boost,Male,2326,United States
280,Adham Leaning,Male,6106,Canada
281,Althea McCarron,Female,4663,United States
282,Dulcine Cestard,Female,2973,Canada
283,Morena Ratlee,Female,7325,United States
284,Ronny Allsobrook,Male,2235,United States
285,Jermaine Brydson,Male,9401,United States
286,Sada Sone,Female,7178,United States
287,Monti Arghent,Male,6665,Canada
288,Janeczka Ellor,Female,9286,United States
289,Phyllis Dawe,Female,6010,United States
290,Brunhilda Bardey,Female,5266,United States
291,Truda Tippetts,Female,9927,Canada
292,Shelley Szubert,Female,6898,Canada
293,De Grimes,Female,4805,Canada
294,Antonetta Fitchen,Female,7254,United States
295,Claudette Blinerman,Female,2229,United States
296,Mauricio Ingerfield,Male,6943,Canada
297,Ingmar Troppmann,Male,3038,United States
298,Gay Brekonridge,Male,4328,United States
299,Corri Monro,Female,6216,United States
300,Katusha Lemmers,Female,5499,United States
301,Ring Custance,Male,7644,United States
302,Elmer Blasl,Male,3780,United States
303,Gertrudis Boissieux,Female,2754,United States
304,Jere Delhay,Female,2105,United States
305,Clim Honig,Male,4716,United States
306,Zonnya Scorthorne,Female,8953,United States
307,Wally Cabane,Male,9739,United States
308,Chevy Goldingay,Male,3447,United States
309,Glynis Lalor,Female,9882,United States
310,Allard Ouldred,Male,9443,United States
311,Hilarius Dayley,Male,2307,United States
312,Kendell Gymblett,Male,6329,United States
313,Bengt Blenkensop,Male,4125,United States
314,Lewes Repp,Male,7649,United States
315,Crichton Wimmers,Male,5117,Canada
316,Corbet Nuton,Male,9710,United States
317,Son Gatherell,Male,7873,United States
318,Tyrus Abramovic,Male,5944,United States
319,Donny Kiossel,Male,6411,United States
320,Richard Blankhorn,Male,5501,United States
321,Clint Cradey,Male,4534,United States
322,Bill Ferne,Female,6197,Canada
323,Jamima Stamp,Female,3686,Canada
324,Delaney Witterick,Male,9938,Canada
325,Rea Klaassens,Female,9787,United States
326,Thayne Jorio,Male,7028,United States
327,Emilee Toke,Female,6795,Canada
328,Gwyn Bacher,Female,9870,United States
329,Geno Drew-Clifton,Male,9051,United States
330,Khalil Emanuel,Male,2352,United States
331,Urbanus Duer,Male,4368,United States
332,Winna Masedon,Female,5073,United States
333,Linnea Tarbert,Female,5903,Canada
334,Barris Shea,Male,4775,United States
335,Hendrika Juorio,Female,4366,United States
336,Baldwin Spendlove,Male,8801,United States
337,Jeniece Baskeyfield,Female,7276,Canada
338,Ferris Overthrow,Male,4714,Canada
339,Travers Gustus,Male,2523,United States
340,Holly Bilsborrow,Male,7582,United States
341,Evonne Gridon,Female,9371,United States
342,Leonelle Simmen,Female,9958,United States
343,Rooney Peidro,Male,8258,Canada
344,Garvey Raine,Male,7947,United States
345,Bari Eddicott,Female,8376,Singapore
346,Lorry Redding,Male,9536,United States
347,Koenraad Sommer,Male,4537,United States
348,Prudy Oldam,Female,2262,Canada
349,Ted Anster,Male,9118,Canada
350,Riannon Borrow,Female,5225,United States
351,Trudey Charlesworth,Female,8669,United States
352,Wilfrid Antcliffe,Male,6183,United States
353,Berne Maffione,Male,3846,India
354,Hayden Stienham,Male,3924,Canada
355,Rubie Fairhurst,Female,3921,Canada
356,Caressa Rau,Female,3346,United States
357,Renault Chaffe,Male,2845,United States
358,Raymund Skirvane,Male,2218,United States
359,Alford Kluger,Male,4039,United States
360,Kirstin Bromehed,Female,7392,United States
361,Holt Pressnell,Male,3477,Canada
362,Harley Llewellin,Male,9234,United States
363,Barbette Poytheras,Female,4244,United States
364,Gretta Chart,Female,3019,United States
365,Way Lippini,Male,2693,United States
366,Florance Anglish,Female,2798,United States
367,Marthe Crippill,Female,8712,United States
368,Irma Gormally,Female,8863,Canada
369,Waiter Moan,Male,3496,Canada
370,Dalt Sutherden,Male,9035,United States
371,Joshua Strelitz,Male,9298,United States
372,Norma McKinnon,Female,6863,United States
373,Lindsey Cosely,Female,8550,United States
374,Dillie Whopples,Male,6589,United States
375,Guy Ugolini,Male,2737,Canada
376,Frayda Bwy,Female,5992,Canada
377,Georgina Fehner,Female,4009,Canada
378,Wiley Zambonini,Male,7280,Canada
379,Leta Vanichkin,Female,6175,United States
380,Leandra Heddan,Female,9974,United States
381,Corliss Giffkins,Female,7714,United States
382,Lief Lydon,Male,9166,United States
383,Selestina Lamerton,Female,8179,Canada
384,Cassondra Cornford,Female,6318,United States
385,Rivy Olenin,Female,3371,Canada
386,Vilma Critchlow,Female,7201,Canada
387,Christy Cantillion,Male,2474,Canada
388,Tonia Martschke,Female,5814,United States
389,Stephen Goodlake,Male,8010,India
390,Giuseppe Jaqueminet,Male,3749,Canada
391,Tracey Gorrick,Male,2286,Canada
392,Burnaby Folomin,Male,7576,United States
393,Emmott O'Sharry,Male,2107,Canada
394,Phyllida Worwood,Female,6085,United States
395,Marya Wassung,Female,8321,Canada
396,Amalita Bendixen,Female,3663,United States
397,Cristiano Darte,Male,2697,Canada
398,Jacky Carlaw,Male,7408,Canada
399,Hedi Tewes,Female,5010,Canada
400,Charlena Kohen,Female,5428,Canada
401,Jemmie Bicksteth,Female,9112,United States
402,Padraig Howkins,Male,3838,United States
403,Montgomery Spafford,Male,3753,United States
404,Consuela Mumford,Female,9787,Canada
405,Vergil Leabeater,Male,8827,United States
406,Tommie Sapp,Female,6026,United States
407,Herve Cummins,Male,6460,United States
408,Libby Comben,Female,2588,United States
409,Monica Kornyshev,Female,2233,Canada
410,Morganne Bussons,Female,7981,United States
411,Ezra Frawley,Male,4945,Canada
412,Patty Faithfull,Male,2097,United States
413,Shir Cleen,Female,4798,United States
414,Merwin Michael,Male,4091,Canada
415,Fidole Parmeter,Male,5811,Canada
416,Axel Cecere,Male,8729,United States
417,Rodie Simonetto,Female,5137,United States
418,Wally Tenby,Male,7745,United States
419,Cassius Antrim,Male,7470,United States
420,Kylie Dunderdale,Male,6183,United States
421,Alane Matyashev,Female,7351,United States
422,Ailene Walework,Female,7809,United States
423,Filippa Effnert,Female,9031,Canada
424,Jere Ferson,Female,2798,United States
425,Cookie BURWIN,Female,4742,United States
426,Boothe Kenton,Male,4622,Canada
427,Alisa Laughlan,Female,4877,Canada
428,Lenora Jennings,Female,2932,United States
429,Rivalee Antram,Female,9572,Canada
430,Cherey Slorance,Female,3775,United States
431,Travers Bare,Male,9680,United States
432,Micheline Geeraert,Female,4195,United States
433,Gusella Jennrich,Female,7995,Canada
434,Biddy Hammerman,Female,8255,United States
435,Maybelle Castelletto,Female,4222,United States
436,Faith McBeath,Female,5257,United States
437,Em Rutty,Male,4040,United States
438,Nanice Dundendale,Female,6895,United States
439,Alane Avraham,Female,2988,United States
440,Irvin Varrow,Male,7129,Canada
441,Dedra Liquorish,Female,9372,United States
442,Galven Attawell,Male,4952,United States
443,Miriam Lindenman,Female,8397,United States
444,Giselbert Grieswood,Male,8840,Canada
445,Marinna Martynikhin,Female,9594,Canada
446,Kari Dubock,Female,5647,United States
447,Cointon Govern,Male,7875,United States
448,Skye Schooling,Male,4748,Canada
449,Chane Twinborough,Male,2159,United States
450,Averell Rickeard,Male,8568,United States
451,Ermin Cluitt,Male,8586,United States
452,Bobette Sondon,Female,4462,United States
453,Antons Zanre,Male,6185,Canada
454,Anselm Windas,Male,7322,United States
455,Kim Canlin,Male,3536,Canada
456,Laney Jurczyk,Female,8263,United States
457,Erwin Varne,Male,6015,United States
458,Jo Middlewick,Female,6670,United States
459,Angele Trengrove,Female,2888,United States
460,Maureen Booi,Female,9148,United States
461,Bab Allgood,Female,5142,United States
462,Hendrick Lyffe,Male,5260,United States
463,Rycca Mattschas,Female,2124,United States
464,Franzen Ricciardelli,Male,8574,Canada
465,Millicent Royste,Female,5013,United States
466,Brit Ivetts,Female,3896,Canada
467,Augusta Derkes,Female,3930,Canada
468,Jorrie Moodie,Female,7789,Canada
469,Janet Roxbee,Female,8169,United States
470,Kim Rowntree,Male,7198,United States
471,Bernhard Lovell,Male,7530,United States
472,Romeo Clatworthy,Male,6473,United States
473,Ashlan Brennans,Female,8261,United States
474,Natalya Corben,Female,8844,United States
475,Bekki Redihough,Female,7657,United States
476,Patty Elam,Female,8379,United States
477,Rosaleen Fritzer,Female,6093,Canada
478,Sigismundo Balsellie,Male,5417,United States
479,Nathanil Mcimmie,Male,7734,Canada
480,Clerkclaude O'Cleary,Male,3019,United States
481,Wynn Ganders,Male,2577,Canada
482,Ivett Jenicke,Female,3670,United States
483,Burt Riden,Male,2533,Canada
484,Tabor Portwain,Male,7682,Canada
485,Noland Rickert,Male,2276,United States
486,Christyna Gavaran,Female,3178,Canada
487,Joletta Le Estut,Female,5902,United States
488,Mariette Edelman,Female,6714,United States
489,Persis Tilzey,Female,8066,United States
490,Fredi Shipperbottom,Female,8586,Canada
491,Deb McWhannel,Female,5066,United States
492,Aeriel Godlonton,Female,7772,Canada
493,Percy Abdon,Male,2018,United States
494,Isadore Truckell,Male,7408,United States
495,Martino Bonnell,Male,3504,United States
496,Aeriel Meran,Female,6754,United States
497,Shanan Cottisford,Male,9941,United States
498,Tann Sorey,Male,2353,Canada
499,Marlowe Abramino,Male,4411,Canada
500,Cora Chesswas,Female,3731,United States
501,Joellyn Crewe,Female,3027,United States
502,Lorrie Marjot,Male,9028,United States
503,Gilberta Gillhespy,Female,7323,United States
504,Aleksandr Reilly,Male,9442,United States
505,Amargo Cordrey,Female,7172,Canada
506,Piotr Priest,Male,8598,United States
507,Errick Eadon,Male,4130,United States
508,Binni Adamik,Female,6584,United States
509,Nester Abells,Male,5200,Canada
510,Malory Gowdridge,Female,5457,United States
511,Ali Di Maria,Male,2848,United States
512,Delmar Carress,Male,5371,Canada
513,Grover Tuhy,Male,5940,Canada
514,Bordie Shilstone,Male,5934,United States
515,Kermy Reast,Male,2352,Canada
516,Virgie Cookes,Male,5075,Canada
517,Harlin Nilles,Male,4682,United States
518,Ingram Hakonsson,Male,2802,United States
519,Lavena Strowther,Female,7707,Canada
520,Percival Buckles,Male,8799,Canada
521,Gennifer McIlwaine,Female,3177,United States
522,Charlie Spraging,Male,8699,United States
523,Bunni Knevett,Female,6536,Canada
524,Paula Mogridge,Female,6056,Canada
525,Burt Cossey,Male,8909,United States
526,Deana Hawgood,Female,7944,Canada
527,Petronille Pentony,Female,4736,United States
528,Merridie La Torre,Female,3259,United States
529,Lyndsey Simpole,Female,3495,Canada
530,Eberhard Rotherforth,Male,3115,Canada
531,Bianka Fairham,Female,8987,United States
532,Caria Sheekey,Female,8379,United States
533,Amaleta Bahde,Female,9262,United States
534,Rowland Sissons,Male,6305,United States
535,Zena Fransinelli,Female,9714,United States
536,Taber Farnell,Male,3617,Canada
537,Dacia Critch,Female,8900,United States
538,Elysha Voaden,Female,2244,United States
539,Cristobal Dutnell,Male,8507,United States
540,Issie Theml,Female,3397,United States
541,Corella Crampton,Female,5065,United States
542,Cristina Gallant,Female,8123,Canada
543,Marie-ann Balasin,Female,7333,United States
544,Marci Waring,Female,8946,United States
545,Sibbie Stidson,Female,5432,United States
546,Harwilll Yakov,Male,8300,Canada
547,Daffi Elington,Female,2463,United States
548,Diane Howorth,Female,4729,United States
549,Giordano Duffrie,Male,7362,Canada
550,Philis Turbill,Female,7871,Canada
551,Benjy Bardell,Male,5618,United States
552,Jayson Hurkett,Male,7267,United States
553,Dannye Chilton,Female,8155,United States
554,Zsazsa Fayer,Female,7003,Canada
555,Kristel MacDearmid,Female,6025,United States
556,Cris Gillitt,Male,5282,Canada
557,Pepillo Tomsa,Male,3866,Canada
558,Vassily Winfindine,Male,6826,United States
559,Kathie Llewelyn,Female,8395,United States
560,Lia Espinay,Female,5260,Canada
561,Stanford Oldroyde,Male,6478,Canada
562,Byrann Heaven,Male,4345,United States
563,Bryanty Gain,Male,9950,United States
564,Bethany Fulstow,Female,3142,Canada
565,Drona Dudney,Female,4388,Canada
566,Ronda Coupe,Female,3503,Canada
567,Ira Bowry,Male,3482,United States
568,Pennie Aubery,Male,2168,United States
569,Kenn Gilhooley,Male,3527,United States
570,Bebe Kryszkiecicz,Female,4751,Canada
571,Korie Downey,Female,9802,United States
572,Clemens Hollingsby,Male,5065,United States
573,Malina Avo,Female,7840,United States
574,Rolph Fraczak,Male,9323,United States
575,Sayre Oak,Female,4824,United States
576,Devin Luety,Female,2359,Canada
577,Berny Wolfe,Male,9050,Singapore
578,Brunhilda Lushey,Female,4324,United States
579,Etti Milburne,Female,2284,United States
580,Reinaldo Shreeves,Male,3102,United States
581,Sal Marsay,Male,8591,Canada
582,Sharla Glamart,Female,8609,United States
583,Gennifer Buckerfield,Female,4995,United States
584,Frans Nasi,Male,3740,United States
585,Lia Hurich,Female,3246,Canada
586,Elmo Metzig,Male,6409,Canada
587,Leisha Abrahim,Female,7901,United States
588,Kermit Gathercole,Male,6666,Canada
589,Geoff Overstall,Male,8400,Canada
590,Celine Cuff,Female,8922,United States
591,Mickie MacCard,Female,9200,United States
592,Nancey Apted,Female,5378,Canada
593,Cornelia Brookhouse,Female,5531,United States
594,Deloria Rabjohns,Female,6063,Canada
595,Martelle Mityakov,Female,5443,United States
596,Johna Petticrow,Female,8761,United States
597,Sigfried Blasio,Male,8026,Canada
598,Quinlan Gawke,Male,3505,United States
599,Charmain Booi,Female,9144,United States
600,Peggi Claussen,Female,4644,United States
601,Dorthea Spurritt,Female,8115,United States
602,Byrom Murrthum,Male,6963,United States
603,Elliot Rumke,Male,9656,Canada
604,Jarvis Peinke,Male,9128,United States
605,Gianina Darrell,Female,5437,Canada
606,Lesly Jellman,Female,7582,Canada
607,D'arcy Arnaut,Male,7324,United States
608,Darlleen Halse,Female,5878,United States
609,Barri Simonich,Male,6518,United States
610,Laureen Hudspith,Female,2546,United States
611,Larina Blackadder,Female,8750,Canada
612,Erick Sanpere,Male,2622,United States
613,Carol-jean Cape,Female,7624,United States
614,Mona O'Growgane,Female,7389,United States
615,Natividad Garric,Female,2316,Canada
616,Jakie Iacomini,Male,2486,Canada
617,Boycey Ply,Male,3498,Canada
618,Brady Heggman,Male,8277,United States
619,Lyn Drinan,Male,6507,Canada
620,Antonio Dreghorn,Male,5624,United States
621,Sibyl Scoggans,Male,5739,United States
622,Carlie Garrett,Male,4455,United States
623,Andy Pillans,Female,4255,United States
624,Benedict Willerton,Male,3789,United States
625,Merwin Sweynson,Male,7317,Canada
626,Gibb O' Mahony,Male,5801,United States
627,Tracie Simpkiss,Female,7243,United States
628,Joela Trobey,Female,8047,United States
629,Lindon Leggatt,Male,8780,Canada
630,Sadella Allridge,Female,2661,United States
631,Isahella Imlen,Female,5924,United States
632,Garvy Luetkemeyers,Male,9165,United States
633,Tibold Hierro,Male,6658,United States
634,Inna Langlands,Female,4756,Canada
635,Aldrich Gidman,Male,8315,United States
636,Evan Dacke,Male,6316,Canada
637,Janka Braunes,Female,4107,United States
638,Mitch Beall,Male,8728,Canada
639,Kelbee Banck,Male,5929,United States
640,Mendel Roscamps,Male,7942,United States
641,Florri McAne,Female,4399,United States
642,Fidelity Stoop,Female,9300,United States
643,Claudian Paybody,Male,9786,United States
644,Jenn Antoniewicz,Female,8255,United States
645,Martyn Guiness,Male,8256,United States
646,Sherm Strank,Male,7516,United States
647,Padget Rosling,Male,8376,United States
648,Helge Finlaison,Female,3803,United States
649,Cathi Walkington,Female,7374,Canada
650,Emlynne Erickssen,Female,5346,United States
651,Eden Ledamun,Female,2907,United States
652,Anabal Cufley,Female,3052,Canada
653,Jeana Baroche,Female,8427,United States
654,Silvain Andriss,Male,7668,United States
655,Boyce Heritege,Male,5226,United States
656,Forrester Dymidowski,Male,8281,Canada
657,Millard Schiesterl,Male,5177,Canada
658,Sidnee Leigh,Male,4175,United States
659,Knox McOwen,Male,8781,United States
660,Sigmund Fitzer,Male,8259,United States
661,Rossy Gallie,Male,3732,Canada
662,Loren Elves,Female,3604,United States
663,Shannon Clemencet,Male,7878,Canada
664,Arliene Standell,Female,2546,United States
665,Tiffi Annott,Female,4715,Canada
666,Gusty Daudray,Female,4690,United States
667,Shae Martugin,Male,3244,United States
668,Berty Grigg,Female,2715,United States
669,Gerardo Elmer,Male,8260,United States
670,Allin Noor,Male,4760,United States
671,Butch Kitcherside,Male,4446,United States
672,Rikki Curbishley,Female,6418,United States
673,Lanie Sarsons,Male,8888,Canada
674,Trevar Toderi,Male,4935,United States
675,Dusty Power,Female,9907,Canada
676,Ronda Grindrod,Female,9154,Canada
677,Eimile Whitchurch,Female,6966,United States
678,Catlee Pechet,Female,5066,United States
679,Gasper Trehearn,Male,9693,United States
680,Mathilde Skeath,Female,9394,United States
681,Jabez Saddington,Male,5401,United States
682,Baily Klimov,Male,6251,United States
683,Maggy Cicccitti,Female,9679,Canada
684,Sander Mayward,Male,7295,United States
685,Cora Swigger,Female,8828,United States
686,Reggie Bartolomeu,Female,8351,United States
687,Quill Cronkshaw,Male,4405,United States
688,Emmalynn Robroe,Female,3187,United States
689,Aeriell Tesseyman,Female,9549,United States
690,Albertina Chainey,Female,3181,Canada
691,Benny Stave,Female,3894,United States
692,Cynthia Bampkin,Female,3267,Canada
693,Meagan Cayser,Female,9206,Canada
694,Hersh Twohig,Male,4695,Canada
695,Renard Durban,Male,2325,United States
696,Boigie Zaniolo,Male,6681,United States
697,Aleen Pfeffle,Female,6068,United States
698,Bellina Chevis,Female,3087,United States
699,Kristyn Hinners,Female,2587,Canada
700,Sophie Nurcombe,Female,3393,Canada
701,Roz Camble,Female,5655,United States
702,Meara Ranner,Female,4021,United States
703,Humphrey Hasley,Male,3095,United States
704,Kennedy Murrish,Male,5588,United States
705,Annalee Filtness,Female,4788,United States
706,Shermie Corrett,Male,8657,Canada
707,Harriet Worrell,Female,6601,Canada
708,Desmund Codlin,Male,5672,United States
709,Marta Honnan,Female,9356,Canada
710,Perrine Gorham,Female,4570,United States
711,Madelina Justun,Female,7594,United States
712,Ferrell Deer,Male,9882,Canada
713,Erny Duckitt,Male,6884,United States
714,Davis Jon,Male,5453,United States
715,Finn Wibrow,Male,9342,United States
716,Mathian Scholz,Male,9064,Canada
717,Millard Sherston,Male,3685,United States
718,Kirsti Breeton,Female,9034,Canada
719,Dallis Jelfs,Male,8057,United States
720,Alessandro Woodthorpe,Male,9140,United States
721,Lorette McCamish,Female,6630,Canada
722,Theodor Parriss,Male,5767,Canada
723,Karina Craigg,Female,8606,United States
724,Zilvia Heatley,Female,9575,United States
725,Sherwood MacGruer,Male,7524,Canada
726,Ewan Chard,Male,3267,Canada
727,Bryon Machen,Male,9186,Canada
728,Ruddy Eastup,Male,5730,United States
729,Aurlie Meeron,Female,7160,United States
730,Buffy Ramm,Female,5111,United States
731,Isidro Phippen,Male,4674,United States
732,Mile MacCartair,Male,3649,United States
733,Annabella Badini,Female,6075,United States
734,Tracey Dyneley,Male,5132,United States
735,Zacharias Van Salzberger,Male,3495,Canada
736,Alaine Ostick,Female,6426,United States
737,Brandy Simmens,Male,5412,United States
738,Delly Edmans,Female,8435,United States
739,Adena Paff,Female,2386,United States
740,Alphonse Hessle,Male,8107,United States
741,Diahann Gregore,Female,5014,Canada
742,Roderigo Sciusscietto,Male,2816,Canada
743,Tedi Pate,Female,4099,United States
744,Fredrick O'Nowlan,Male,3761,Canada
745,Raphael Wife,Male,4492,Canada
746,Addy Worvell,Male,2956,United States
747,Vivia Petru,Female,3968,United States
748,Ced Threlkeld,Male,7697,Canada
749,Rhea Cherm,Female,3658,United States
750,Theo Stickings,Female,4599,United States
751,Franky Karoly,Male,7385,Canada
752,Henry Verrico,Male,3454,United States
753,Alyson McGiff,Female,2977,United States
754,Christine Sproul,Female,4086,United States
755,Wright Ragsdale,Male,4148,Canada
756,Jeth Colisbe,Male,3516,United States
757,Stillmann Pelzer,Male,7019,United States
758,Delmar Pickup,Male,2210,United States
759,Tammi Maddison,Female,8708,United States
760,Waiter Wildor,Male,8345,Canada
761,Amata Parham,Female,8656,United States
762,Amabel Burndred,Female,2913,Canada
763,Coop Heaffey,Male,9762,Canada
764,Inger Theobold,Female,4258,United States
765,Modestia Genery,Female,6899,United States
766,Almeria Mazey,Female,7166,United States
767,Ker Vass,Male,3425,United States
768,Tessy Barbie,Female,2789,United States
769,Fran Rowter,Male,9577,United States
770,Ronnie Calabry,Female,8459,United States
771,Edyth Swateridge,Female,9907,Canada
772,Amalee Hardy-Piggin,Female,6910,United States
773,Baxie Rudyard,Male,4355,United States
774,Milt Treversh,Male,4177,Canada
775,Colly Philipeau,Female,4868,United States
776,Drusi Cavee,Female,9507,United States
777,Samuel Moncey,Male,9552,Canada
778,Dario Dickey,Male,3649,Canada
779,Ulises Ubsdell,Male,7257,Canada
780,Eve Ranfield,Female,5546,United States
781,Farleigh Delwater,Male,9047,United States
782,Sherlock Bottoner,Male,2301,Canada
783,Rupert Emilien,Male,3338,United States
784,Bertie Dayly,Male,2099,United States
785,Teodor Goodricke,Male,6913,United States
786,Dav Spini,Male,3158,Canada
787,Holt Woodall,Male,8523,United States
788,Jilly Scarre,Female,5485,United States
789,Cecilius Morse,Male,5459,United States
790,Shane Laverock,Male,3291,United States
791,Rowe Henke,Female,3779,United States
792,Gabriello Tremblet,Male,8261,United States
793,Roxy Sharp,Female,7610,United States
794,Morley Paulon,Male,5982,United States
795,Cordy Cromb,Female,4775,United States
796,Camala Boame,Female,5014,Canada
797,Yorker Kelloway,Male,5162,Canada
798,Rosaline Tillard,Female,7600,Canada
799,Lauralee Hutson,Female,8454,United States
800,Tawnya Joriot,Female,9727,Canada
801,Demetrius Jeremiah,Male,9588,Canada
802,Nikoletta Dable,Female,5978,Canada
803,Kally Thorogood,Female,6599,United States
804,Paolo Stealey,Male,2506,Canada
805,Harlie Feltoe,Female,4889,United States
806,Barn Boscott,Male,3666,Canada
807,Emlynn Lindenstrauss,Female,7850,Canada
808,Wallache Cossum,Male,2739,United States
809,Helsa Derby,Female,6052,United States
810,Blinny Andree,Female,8355,United States
811,Anthiathia Langdale,Female,9869,United States
812,Saxe Bohling,Male,3358,United States
813,Travis Trevithick,Male,5474,United States
814,Scarlett Henmarsh,Female,5763,United States
815,Emma Jackson,Female,3421,United States
816,Aylmar Phelipeaux,Male,5806,United States
817,Pall Shoosmith,Male,6360,Canada
818,Bron Shoorbrooke,Male,3003,United States
819,Sarena Besson,Female,8935,United States
820,Olvan Bautiste,Male,8416,United States
821,Alvy Jozefowicz,Male,7749,United States
822,Clarisse McNiven,Female,5186,Canada
823,Rooney Willoughby,Male,6409,United States
824,Linus Penritt,Male,4602,Canada
825,Gaylor Calverley,Male,6267,United States
826,Gianina Cardo,Female,6328,United States
827,Pancho Annear,Male,4383,United States
828,Elva Curran,Female,9025,United States
829,Redford Tendahl,Male,8766,India
830,Daryle Jacobsohn,Male,9139,United States
831,Marybeth Feldmark,Female,9553,United States
832,Una Lathan,Female,8353,United States
833,Flo Mountstephen,Female,4682,United States
834,Artus Skingle,Male,3991,United States
835,Adam Storr,Male,2863,United States
836,Lanni Saggs,Female,9291,United States
837,Susanna Seedman,Female,2533,United States
838,Evangelina Hosten,Female,4098,United States
839,Alexina Elsom,Female,6181,Canada
840,Barty Harewood,Male,4453,Canada
841,Sibel McIlhatton,Female,8027,Canada
842,Norah Morcom,Female,3339,United States
843,Sioux Monck,Female,9988,Canada
844,Devlen Levinge,Male,8747,Canada
845,Allene Southorn,Female,3706,United States
846,Evangeline Johnikin,Female,4944,Canada
847,Travus Fanton,Male,3211,Canada
848,Nevin Baselio,Male,2509,United States
849,Marv Pretious,Male,5874,United States
850,Reynold Cottis,Male,6262,United States
851,Del Shorte,Female,8461,United States
852,Micky oldey,Male,7134,United States
853,Norah Stiffkins,Female,8876,United States
854,Casper Bracey,Male,6385,United States
855,Allayne Jammes,Male,8822,United States
856,Dotti Finch,Female,3668,United States
857,Claudelle Eltune,Female,8784,Canada
858,Rae Stanfield,Female,2651,United States
859,Zeke Ickovici,Male,9531,United States
860,Gertrude Annand,Female,4691,Canada
861,Dierdre Klaessen,Female,7519,Canada
862,Paige Mayhead,Female,9717,United States
863,Miof mela Pinxton,Female,6314,Canada
864,Dredi Jakubowsky,Female,3560,Canada
865,Olly Learmond,Female,6964,Canada
866,Emeline Caddie,Female,7548,United States
867,Ramona Corselles,Female,9040,Canada
868,Marget Addionisio,Female,2398,United States
869,Jacob Teasey,Male,6102,United States
870,Rob Silley,Male,9401,United States
871,Kiele Rojel,Female,2554,Canada
872,Barney Hudspith,Male,7102,Canada
873,Bastian Nutman,Male,5957,Canada
874,Gage Ondrus,Male,4858,United States
875,Clovis Oles,Female,8029,Canada
876,Dory McDade,Female,6580,United States
877,Glynnis Rowbotham,Female,3672,United States
878,Maire Blampey,Female,8553,Canada
879,Cody Kill,Male,3891,United States
880,Bridgette Worcs,Female,2511,Canada
881,Georgianna Leheude,Female,5042,United States
882,Georgeanna Bridgestock,Female,8571,United States
883,Whittaker Bignall,Male,7376,United States
884,Ring Willers,Male,9501,Canada
885,Arney Girkin,Male,9679,Canada
886,Ingrid Firsby,Female,7844,United States
887,Aeriell Lombard,Female,8452,United States
888,Karel McKissack,Male,9537,United States
889,Lianne Liversage,Female,5059,United States
890,Herta Agron,Female,5524,Canada
891,Grove Lum,Male,3950,Canada
892,Isador Pach,Male,8207,United States
893,Weber Sevier,Male,2077,United States
894,Barbabas de Broke,Male,4811,Canada
895,Roxana Noli,Female,3868,United States
896,Lazar Saddleton,Male,9090,Canada
897,Ximenez Gealle,Male,2714,Canada
898,Mella Eddie,Female,2540,Canada
899,Ferdinand Leslie,Male,2055,United States
900,Lennard Mouland,Male,8798,Canada
901,Julita Thorsen,Female,9006,United States
902,Ofelia Nother,Female,4311,United States
903,Maddy Phelipeau,Female,2657,Canada
904,Rod Margaritelli,Male,8640,United States
905,Kathi Kearney,Female,7829,United States
906,Gabriell Mattaser,Female,3275,United States
907,Saunders Kerfoot,Male,8084,United States
908,Ettie Jentin,Female,7744,United States
909,Vince Dikle,Male,4809,United States
910,Renado Lingfoot,Male,6528,United States
911,Witty Counsell,Male,9029,United States
912,Lotta MacFadzean,Female,3600,United States
913,Ingra Adess,Male,4591,Canada
914,Mack Ostler,Male,4143,United States
915,Angelico Huegett,Male,9648,United States
916,Tracy Shildrick,Male,9626,United States
917,Udale Starkie,Male,8770,United States
918,Mariana Sturdgess,Female,6673,United States
919,Courtnay Gawthorp,Male,4344,United States
920,Nathanael Barus,Male,4241,Canada
921,Dallas Gare,Male,3850,United States
922,Derwin Crutchfield,Male,8783,United States
923,Molli Saiger,Female,6754,Canada
924,Romain Schott,Male,9564,United States
925,Adey Headford,Female,8448,United States
926,Mame McBay,Female,8480,United States
927,Mozes O'Keenan,Male,6744,United States
928,Jorey Cadore,Female,6600,United States
929,Pollyanna Wallsam,Female,2101,United States
930,Hinda Gonin,Female,9106,Canada
931,Antonella Flattman,Female,5569,United States
932,Lynnea Eaton,Female,5768,Canada
933,Milicent Weekley,Female,2256,United States
934,Gussi Crumbleholme,Female,4003,United States
935,Diana Quigg,Female,7986,United States
936,Correna Cail,Female,4076,United States
937,Linnell Swinfen,Female,3295,Canada
938,Bent Naerup,Male,5887,Canada
939,Jere Road,Male,5713,Canada
940,Dinah Kelledy,Female,8476,Canada
941,Eldon Mullis,Male,2047,United States
942,Haroun Readitt,Male,4490,Canada
943,Janetta Vatini,Female,5270,Canada
944,Andris Klimus,Male,4069,Canada
945,Cam Filipponi,Male,3368,United States
946,Faith Battershall,Female,6993,United States
947,Zahara Woolford,Female,8601,Canada
948,Winslow Barabisch,Male,9407,United States
949,Isa Masse,Male,3102,United States
950,Arlie Deverick,Female,6236,Canada
951,Cullie Monroe,Male,2317,United States
952,Abdel Moulson,Male,6590,United States
953,Idalina Atwill,Female,6599,Canada
954,Carling O'Docherty,Male,6173,United States
955,Darbee Dorsett,Male,9497,United States
956,Jeniffer McKoy,Female,5479,Canada
957,Clareta Chisolm,Female,2267,Canada
958,Clywd Belin,Male,8121,United States
959,Onofredo Ingarfield,Male,3670,Canada
960,Isabelita Hawkridge,Female,7919,Singapore
961,Zea Masson,Female,4455,United States
962,Raynell Brewers,Female,5140,Canada
963,Berk Gyngell,Male,5015,United States
964,Tanney Asker,Male,3858,Canada
965,Fitzgerald Ourtic,Male,3746,Canada
966,Reagan Major,Male,5401,Canada
967,Pearla Surmon,Female,5002,United States
968,Winifred Patmore,Female,8250,Canada
969,Elia Python,Male,7930,United States
970,Annamaria Patel,Female,2121,United States
971,Lyon Spinney,Male,5368,United States
972,Corilla Ondra,Female,5296,Canada
973,Cordie Barthot,Male,3330,Canada
974,Gabrila Gorthy,Female,4499,Canada
975,Kym MacCafferky,Female,9113,Canada
976,Tracy Farlowe,Male,8963,Canada
977,Giacomo Bestar,Male,5420,United States
978,Pietro Labusch,Male,5165,United States
979,Tommy Litherland,Male,2906,Canada
980,Allan Blackley,Male,4708,United States
981,Calley Ilson,Female,6313,Canada
982,Patsy Rickis,Female,9810,United States
983,Tarah Whithalgh,Female,7904,United States
984,Evaleen Message,Female,9129,Canada
985,Jodi Pollastro,Female,2285,Canada
986,Margaretha Blasi,Female,7048,United States
987,Anderson Peasnone,Male,5500,United States
988,Georgianne Aspling,Female,2696,United States
989,Erica Wellbank,Female,7773,Canada
990,Alisun Limpertz,Female,4523,United States
991,Jacquetta O'Rafferty,Female,7462,United States
992,Reider Sykora,Male,2706,United States
993,Danielle Vossgen,Female,7771,Canada
994,Wallace Reeve,Male,4497,Canada
995,Perkin Sawdy,Male,7051,United States
996,Pris Coomer,Female,2805,United States
997,Aldridge Killiam,Male,7030,United States
998,Jerrome Roby,Male,3453,United States
999,Ave Lathleiff,Male,3503,Canada
1000,Howard Dureden,Male,2711,United States
